Year,Artist,Album,Song Title
1963,The Miracles,,You've Really Got A Hold On Me
1963,The Ronettes,,Be My Baby
1963,Trini Lopez,,If I Had A Hammer
1964,Betty Everett,,The Shoop Shoop Song (It's In His Kiss)
1964,Four Tops,,Baby I Need Your Loving
1964,Manfred Mann,,Do Wah Diddy Diddy
1964,Roy Orbison And The Candy Men,,"Oh, Pretty Woman"
1964,Stan Getz/Astrud Gilberto,,The Girl From Ipanema
1964,The Animals,,House Of The Rising Sun
1964,The Beach Boys,,"Fun, Fun, Fun"
1964,The Beach Boys,,I Get Around
1964,The Beatles,,A Hard Day's Night
1964,The Beatles,,Can't Buy Me Love
1964,The Beatles,,Do You Want To Know A Secret
1964,The Beatles,,I Want To Hold Your Hand
1964,The Beatles,,Love Me Do
1964,The Beatles,,Please Please Me
1964,The Beatles,,She Loves You
1964,The Beatles,,Twist And Shout
1964,The Drifters,,Under The Boardwalk
1964,The Kinks,,You Really Got Me
1964,The Supremes,,Baby Love
1964,The Supremes,,Where Did Our Love Go
1964,The Zombies,,She's Not There
1965,Bob Dylan,,Like A Rolling Stone
1965,Four Tops,,I Can't Help Myself (Sugar Pie Honey Bunch)
1965,Petula Clark,,Downtown
1965,The Beach Boys,,"Help Me, Rhonda"
1965,The Beatles,,Eight Days A Week
1965,The Beatles,,Help!
1965,The Beatles,,Ticket To Ride
1965,The Beatles,,Yesterday
1965,The Byrds,,Mr. Tambourine Man
1965,The Byrds,,Turn! Turn! Turn! (To Everything There Is A Season)
1965,The Lovin' Spoonful,,Do You Believe In Magic
1965,The McCoys,,Hang On Sloopy
1965,The Righteous Brothers,,You've Lost That Lovin' Feelin'
1965,The Rolling Stones,,(I Can't Get No) Satisfaction
1965,The Rolling Stones,,Get Off Of My Cloud
1965,The Searchers,,Love Potion Number Nine
1965,The Supremes,,I Hear A Symphony
1965,The Supremes,,Stop! In The Name Of Love
1965,The Temptations,,My Girl
1965,The Zombies,,Tell Her No
1966,? (Question Mark) & The Mysterians,,96 Tears
1966,Bobby Fuller Four,,I Fought The Law
1966,Four Tops,,Reach Out I'll Be There
1966,Frank Sinatra,,Strangers In The Night
1966,Percy Sledge,,When A Man Loves A Woman
1966,Simon & Garfunkel,,Homeward Bound
1966,The Beach Boys,,Barbara Ann
1966,The Beach Boys,,Good Vibrations
1966,The Beach Boys,,Sloop John B
1966,The Beach Boys,,Wouldn't It Be Nice
1966,The Beatles,,Nowhere Man
1966,The Beatles,,Paperback Writer
1966,The Beatles,,We Can Work It Out
1966,The Beatles,,Yellow Submarine
1966,The Hollies,,Bus Stop
1966,The Left Banke,,Walk Away Renee
1966,The Mamas & The Papas,,California Dreamin'
1966,The Mamas & The Papas,,"Monday, Monday"
1966,The Rolling Stones,,"Paint It, Black"
1966,The Supremes,,You Can't Hurry Love
1966,The Troggs,,Wild Thing
1967,Aretha Franklin,,Respect
1967,Nancy Sinatra & Frank Sinatra,,Somethin' Stupid
1967,"Peter, Paul & Mary",,I Dig Rock And Roll Music
1967,Procol Harum,,A Whiter Shade Of Pale
1967,Strawberry Alarm Clock,,Incense And Peppermints
1967,The Association,,Windy
1967,The Beatles,,All You Need Is Love
1967,The Beatles,,Penny Lane
1967,The Doors,,Light My Fire
1967,The Monkees,,I'm A Believer
1967,The Who,,I Can See For Miles
1967,Van Morrison,,Brown Eyed Girl
1968,Cream,,Sunshine Of Your Love
1968,Cream,,White Room
1968,Creedence Clearwater Revival,,Suzie Q. (Part One)
1968,Dionne Warwick,,Do You Know The Way To San José
1968,Otis Redding,,(Sittin' On) The Dock Of The Bay
1968,Simon & Garfunkel,,Mrs. Robinson
1968,Simon & Garfunkel,,Scarborough Fair (/Canticle)
1968,The Beatles,,Hey Jude
1968,The Beatles,,Lady Madonna
1968,The Beatles,,Revolution
1968,The Doors,,"Hello, I Love You"
1968,The Lemon Pipers,,Green Tambourine
1968,The Rolling Stones,,Jumpin' Jack Flash
1968,Tommy James And The Shondells,,Mony Mony
1969,"Blood, Sweat & Tears",,And When I Die
1969,Creedence Clearwater Revival,,Bad Moon Rising
1969,Creedence Clearwater Revival,,Proud Mary
1969,Marvin Gaye,,I Heard It Through The Grapevine
1969,Neil Diamond,,Sweet Caroline (Good Times Never Seemed So Good)
1969,Oliver,,Good Morning Starshine
1969,Simon & Garfunkel,,The Boxer
1969,Steam,,Na Na Hey Hey Kiss Him Goodbye
1969,The 5th Dimension,,Aquarius/Let The Sunshine In (The Flesh Failures)
1969,The Beatles With Billy Preston,,Get Back
1969,The Doors,,Touch Me
1969,The Guess Who,,These Eyes
1969,The Rolling Stones,,Honky Tonk Women
1969,The Zombies,,Time Of The Season
1969,Zager & Evans,,In The Year 2525
1970,Chicago,,25 Or 6 To 4
1970,Chicago,,Make Me Smile
1970,Free,,All Right Now
1970,Jackson 5,,ABC
1970,Jackson 5,,I Want You Back
1970,Jackson 5,,I'll Be There
1970,John Ono Lennon,,Instant Karma (We All Shine On)
1970,Santana,,Evil Ways
1970,Simon & Garfunkel,,Bridge Over Troubled Water
1970,Simon & Garfunkel,,Cecilia
1970,Sly & The Family Stone,,Thank You Falettinme Be Mice Elf Agin/Everybody Is A Star
1970,Smokey Robinson & The Miracles,,The Tears Of A Clown
1970,Stevie Wonder,,"Signed, Sealed, Delivered I'm Yours"
1970,Sugarloaf,,Green-Eyed Lady
1970,The Beatles,,Let It Be
1970,The Beatles,,The Long And Winding Road
1970,The Guess Who,,American Woman
1970,The Guess Who,,No Time
1970,The Kinks,,Lola
1970,The Who,,"See Me, Feel Me"
1970,Three Dog Night,,Mama Told Me (Not To Come)
1971,Bill Withers,,Ain't No Sunshine
1971,Five Man Electrical Band,,Signs
1971,Ike & Tina Turner,,Proud Mary
1971,James Taylor,,You've Got A Friend
1971,John Denver,,"Take Me Home, Country Roads"
1971,Marvin Gaye,,What's Going On
1971,Ringo Starr,,It Don't Come Easy
1971,Rod Stewart,,Maggie May
1971,The Doors,,Love Her Madly
1971,The Undisputed Truth,,Smiling Faces Sometimes
1971,The Who,,Won't Get Fooled Again
1971,Three Dog Night,,Joy To The World
1971,Tommy James,,Draggin' The Line
1972,America,,A Horse With No Name
1972,Badfinger,,Day After Day
1972,Bill Withers,,Lean On Me
1972,Chicago,,Saturday In The Park
1972,Derek & The Dominos,,Layla
1972,Don McLean,,American Pie (Parts I & II)
1972,Eagles,,Witchy Woman
1972,Elton John,,Rocket Man
1972,Harold Melvin And The Blue Notes,,If You Don't Know Me By Now
1972,Jackson Browne,,Doctor My Eyes
1972,Johnny Nash,,I Can See Clearly Now
1972,Robert John,,The Lion Sleeps Tonight
1972,"Sammy Davis, Jr. with The Mike Curb Congregation",,The Candy Man
1972,Seals & Crofts,,Summer Breeze
1972,T. Rex,,Bang A Gong (Get It On)
1972,The Doobie Brothers,,Listen To The Music
1972,The Moody Blues,,Nights In White Satin
1972,The Temptations,,Papa Was A Rollin' Stone
1972,Three Dog Night,,Black & White
1972,Yes,,Roundabout
1973,Bob Dylan,,Knockin' On Heaven's Door
1973,Carly Simon,,You're So Vain
1973,Carpenters,,Top Of The World
1973,David Bowie,,Space Oddity
1973,Deep Purple,,Smoke On The Water
1973,Edgar Winter Group,,Free Ride
1973,Elton John,,Crocodile Rock
1973,Four Tops,,Ain't No Woman (Like The One I've Got)
1973,Grand Funk,,We're An American Band
1973,Marvin Gaye,,Let's Get It On
1973,Roberta Flack,,Killing Me Softly With His Song
1973,Stealers Wheel,,Stuck In The Middle With You
1973,Steely Dan,,Reeling In The Years
1973,Stevie Wonder,,You Are The Sunshine Of My Life
1973,The Spinners,,Could It Be I'm Falling In Love
1973,Wings,,Live And Let Die
1974,Bachman-Turner Overdrive,,Takin' Care Of Business
1974,Bachman-Turner Overdrive,,You Ain't Seen Nothing Yet/Free Wheelin'
1974,Elton John,,Bennie And The Jets
1974,Eric Clapton,,I Shot The Sheriff
1974,Golden Earring,,Radar Love
1974,John Lennon With The Plastic Ono Nuclear Band,,Whatever Gets You Thru The Night
1974,Lynyrd Skynyrd,,Sweet Home Alabama
1974,Paul McCartney And Wings,,Band On The Run
1974,Paul McCartney And Wings,,Jet
1974,Redbone,,Come And Get Your Love
1974,Steely Dan,,Rikki Don't Lose That Number
1975,10cc,,I'm Not In Love
1975,Eagles,,Best Of My Love
1975,Eagles,,Lyin' Eyes
1975,Eagles,,One Of These Nights
1975,James Taylor,,How Sweet It Is (To Be Loved By You)
1975,Queen,,Killer Queen
1975,Styx,,Lady
1975,Sweet,,Ballroom Blitz
1975,The Doobie Brothers,,Black Water
1975,War,,Low Rider
1976,Aerosmith,,Dream On
1976,Barry DeVorzon And Perry Botikin Jr.,,Nadia's Theme (The Young And The Restless)
1976,Barry Manilow,,I Write The Songs
1976,Bee Gees,,You Should Be Dancing
1976,Blue Oyster Cult,,(Don't Fear) The Reaper
1976,Boston,,More Than A Feeling
1976,Chicago,,If You Leave Me Now
1976,Daryl Hall John Oates,,She's Gone
1976,David Bowie,,Golden Years
1976,Eagles,,Take It To The Limit
1976,Elton John & Kiki Dee,,Don't Go Breaking My Heart
1976,Elvin Bishop,,Fooled Around And Fell In Love
1976,Fleetwood Mac,,Rhiannon (Will You Ever Win)
1976,Fleetwood Mac,,Say You Love Me
1976,Gary Wright,,Dream Weaver
1976,Heart,,Magic Man
1976,KC And The Sunshine Band,,"(Shake, Shake, Shake) Shake Your Booty"
1976,Orleans,,Still The One
1976,Paul Simon,,50 Ways To Leave Your Lover
1976,Peter Frampton,,"Baby, I Love Your Way"
1976,Peter Frampton,,Do You Feel Like We Do
1976,Peter Frampton,,Show Me The Way
1976,Queen,,Bohemian Rhapsody
1976,Queen,,You're My Best Friend
1976,Steve Miller,,Rock'n Me
1976,Steve Miller,,Take The Money And Run
1976,The 4 Seasons,,"December, 1963 (Oh, What a Night)"
1976,The Beatles,,Got To Get You Into My Life
1976,Thin Lizzy,,The Boys Are Back In Town
1976,Wild Cherry,,Play That Funky Music
1976,Wings,,Silly Love Songs
1977,10cc,,The Things We Do For Love
1977,ABBA,,Dancing Queen
1977,Bee Gees,,How Deep Is Your Love
1977,Bob Seger,,Night Moves
1977,Daryl Hall John Oates,,Rich Girl
1977,Debby Boone,,You Light Up My Life
1977,Eagles,,Hotel California
1977,Eagles,,New Kid In Town
1977,Fleetwood Mac,,Don't Stop
1977,Fleetwood Mac,,Dreams
1977,Fleetwood Mac,,Go Your Own Way
1977,Foreigner,,Cold As Ice
1977,Foreigner,,Feels Like The First Time
1977,Heart,,Barracuda
1977,Heatwave,,Boogie Nights
1977,Jimmy Buffett,,Margaritaville
1977,London Symphony Orchestra,,Star Wars (Main Title)
1977,Manfred Mann's Earth Band,,Blinded By The Light
1977,Peter Frampton,,"Signed, Sealed, Delivered (I'm Yours)"
1977,Steve Miller,,Fly Like An Eagle
1977,Stevie Wonder,,Sir Duke
1977,Supertramp,,Give A Little Bit
1978,A Taste Of Honey,,Boogie Oogie Oogie
1978,Bee Gees,,Night Fever
1978,Bee Gees,,Stayin' Alive
1978,Billy Joel,,Just The Way You Are
1978,Bob Seger & The Silver Bullet Band,,Still The Same
1978,Bonnie Tyler,,It's A Heartache
1978,Commodores,,Three Times A Lady
1978,Eric Clapton,,Lay Down Sally
1978,Foreigner,,Double Vision
1978,Foreigner,,Hot Blooded
1978,Frankie Valli,,Grease
1978,George Benson,,On Broadway
1978,Gerry Rafferty,,Baker Street
1978,Gerry Rafferty,,Right Down The Line
1978,Jackson Browne,,Running On Empty
1978,Joe Walsh,,Life's Been Good
1978,Kansas,,Dust In The Wind
1978,Steely Dan,,Peg
1978,Sweet,,Love Is Like Oxygen
1978,The Who,,Who Are You
1978,Yvonne Elliman,,If I Can't Have You
1979,Bee Gees,,Tragedy
1979,Blondie,,Heart Of Glass
1979,Cheap Trick,,I Want You To Want Me
1979,Chic,,Good Times
1979,Chic,,I Want Your Love
1979,Chic,,Le Freak
1979,Dire Straits,,Sultans Of Swing
1979,Eagles,,Heartache Tonight
1979,"Earth, Wind & Fire With The Emotions",,Boogie Wonderland
1979,Electric Light Orchestra,,Don't Bring Me Down
1979,Gloria Gaynor,,I Will Survive
1979,Kenny Rogers,,The Gambler
1979,McFadden & Whitehead,,Ain't No Stoppin' Us Now
1979,Melissa Manchester,,Don't Cry Out Loud
1979,Robert Palmer,,"Bad Case Of Loving You (Doctor, Doctor)"
1979,Rod Stewart,,Da Ya Think I'm Sexy?
1979,Sister Sledge,,We Are Family
1979,Styx,,Babe
1979,Supertramp,,Take The Long Way Home
1979,Supertramp,,The Logical Song
1979,The Cars,,Let's Go
1979,The Doobie Brothers,,What A Fool Believes
1979,The Knack,,Good Girls Don't
1979,The Knack,,My Sharona
1979,Village People,,In The Navy
1979,Village People,,Y.M.C.A.
1980,Air Supply,,All Out Of Love
1980,Billy Joel,,It's Still Rock And Roll To Me
1980,Billy Joel,,You May Be Right
1980,Blondie,,Call Me
1980,Bob Seger,,Against The Wind
1980,Christopher Cross,,Ride Like The Wind
1980,Devo,,Whip It
1980,Eagles,,I Can't Tell You Why
1980,Genesis,,Misunderstanding
1980,Irene Cara,,Fame
1980,Kenny Loggins,,I'm Alright
1980,"Lipps, Inc.",,Funkytown
1980,Michael Jackson,,Off The Wall
1980,Michael Jackson,,Rock With You
1980,Pat Benatar,,Heartbreaker
1980,Pat Benatar,,Hit Me With Your Best Shot
1980,Pete Townshend,,Let My Love Open The Door
1980,Pink Floyd,,Another Brick In The Wall (Part II)
1980,Queen,,Another One Bites The Dust
1980,Queen,,Crazy Little Thing Called Love
1980,The Spinners,,Working My Way Back To You
1980,Willie Nelson,,On The Road Again
1981,38 Special,,Hold On Loosely
1981,Billy Joel,,Say Goodbye To Hollywood
1981,Blondie,,Rapture
1981,Blondie,,The Tide Is High
1981,Bob Seger,,Tryin' To Live My Life Without You
1981,Bruce Springsteen,,Hungry Heart
1981,Daryl Hall John Oates,,I Can't Go For That (No Can Do)
1981,Daryl Hall John Oates,,Kiss On My List
1981,Daryl Hall John Oates,,Private Eyes
1981,Daryl Hall John Oates,,You Make My Dreams
1981,Dolly Parton,,9 To 5
1981,Foreigner,,Urgent
1981,Foreigner,,Waiting For A Girl Like You
1981,Genesis,,No Reply At All
1981,Phil Collins,,In The Air Tonight
1981,Quarterflash,,Harden My Heart
1981,Queen & David Bowie,,Under Pressure
1981,REO Speedwagon,,Keep On Loving You
1981,REO Speedwagon,,Take It On The Run
1981,Rick James,,Super Freak (Part I)
1981,Steely Dan,,Hey Nineteen
1981,Stevie Nicks With Tom Petty And The Heartbreakers,,Stop Draggin' My Heart Around
1981,Styx,,The Best Of Times
1981,Styx,,Too Much Time On My Hands
1981,The J. Geils Band,,Centerfold
1981,The Police,,"De Do Do Do, De Da Da Da"
1981,The Police,,Don't Stand So Close To Me
1981,The Police,,Every Little Thing She Does Is Magic
1981,The Rolling Stones,,Start Me Up
1982,38 Special,,Caught Up In You
1982,A Flock Of Seagulls,,I Ran (So Far Away)
1982,ABC,,The Look Of Love (Part One)
1982,Adam Ant,,Goody Two Shoes
1982,Air Supply,,Even The Nights Are Better
1982,Air Supply,,Sweet Dreams
1982,America,,You Can Do Magic
1982,Asia,,Heat Of The Moment
1982,Asia,,Only Time Will Tell
1982,Billy Idol,,Hot In The City
1982,Billy Joel,,Allentown
1982,Billy Joel,,Pressure
1982,Billy Squier,,Everybody Wants You
1982,Chicago,,Hard To Say I'm Sorry
1982,Chicago,,Love Me Tomorrow
1982,Daryl Hall John Oates,,Maneater
1982,Del Shannon,,Sea Of Love
1982,Don Henley,,Dirty Laundry
1982,Eddie Money,,Think I'm In Love
1982,Fleetwood Mac,,Gypsy
1982,Fleetwood Mac,,Hold Me
1982,Foreigner,,Break It Up
1982,Foreigner,,Juke Box Hero
1982,Genesis,,Abacab
1982,Genesis,,Man On The Corner
1982,Glenn Frey,,The One You Love
1982,Go-Go's,,We Got The Beat
1982,Huey Lewis & The News,,Do You Believe In Love
1982,Jackson Browne,,Somebody's Baby
1982,Joan Jett & The Blackhearts,,I Love Rock 'N Roll
1982,Joe Cocker And Jennifer Warnes,,Up Where We Belong
1982,Joe Jackson,,Steppin' Out
1982,John Cougar,,Hurts So Good
1982,John Cougar,,Jack & Diane
1982,Journey,,Open Arms
1982,Kim Wilde,,Kids In America
1982,Laura Branigan,,Gloria
1982,Loverboy,,Working For The Weekend
1982,Marvin Gaye,,Sexual Healing
1982,Melissa Manchester,,You Should Hear How She Talks About You
1982,Men At Work,,Down Under
1982,Men At Work,,Who Can It Be Now?
1982,Michael McDonald,,I Keep Forgettin' (Every Time You're Near)
1982,Peter Gabriel,,Shock The Monkey
1982,Phil Collins,,You Can't Hurry Love
1982,Soft Cell,,Tainted Love
1982,Stevie Nicks,,Edge Of Seventeen (Just Like The White Winged Dove)
1982,Stray Cats,,Rock This Town
1982,Survivor,,Eye Of The Tiger
1982,The Clash,,Rock The Casbah
1982,The Human League,,Don't You Want Me
1982,The J. Geils Band,,Freeze-frame
1982,The Pointer Sisters,,I'm So Excited
1982,The Police,,Spirits In The Material World
1982,The Steve Miller Band,,Abracadabra
1982,The Who,,Athena
1982,Tom Petty And The Heartbreakers,,You Got Lucky
1982,Tom Tom Club,,Genius Of Love
1982,Tommy Tutone,,867-5309/jenny
1982,Toni Basil,,Mickey
1982,Toto,,Africa
1982,Toto,,Rosanna
1982,Vangelis,,Chariots Of Fire - Titles
1983,A Flock Of Seagulls,,Space Age Love Song
1983,After The Fire,,Der Kommissar
1983,Billy Idol,,White Wedding
1983,Billy Joel,,Tell Her About It
1983,Billy Joel,,Uptown Girl
1983,Bonnie Tyler,,Total Eclipse Of The Heart
1983,Culture Club,,Do You Really Want To Hurt Me
1983,Culture Club,,Karma Chameleon
1983,Daryl Hall John Oates,,Family Man
1983,Daryl Hall John Oates,,One On One
1983,David Bowie,,Let's Dance
1983,David Bowie,,Modern Love
1983,Def Leppard,,Foolin'
1983,Def Leppard,,Photograph
1983,Def Leppard,,Rock Of Ages
1983,Dexys Midnight Runners,,Come On Eileen
1983,Donna Summer,,She Works Hard For The Money
1983,Duran Duran,,Hungry Like The Wolf
1983,Duran Duran,,Is There Something I Should Know
1983,Duran Duran,,Rio
1983,Eddy Grant,,Electric Avenue
1983,Elton John,,I Guess That's Why They Call It The Blues
1983,Elton John,,I'm Still Standing
1983,Eurythmics,,Sweet Dreams (Are Made Of This)
1983,Genesis,,That's All
1983,Golden Earring,,Twilight Zone
1983,Greg Kihn Band,,Jeopardy
1983,Huey Lewis & The News,,Heart And Soul
1983,INXS,,The One Thing
1983,Irene Cara,,Flashdance...What A Feeling
1983,John Mellencamp,,Pink Houses
1983,Journey,,Faithfully
1983,Journey,,Separate Ways (Worlds Apart)
1983,Jump 'n The Saddle,,The Curly Shuffle
1983,Kool & The Gang,,Joanna
1983,Lionel Richie,,All Night Long (All Night)
1983,Lionel Richie,,Running With The Night
1983,Lionel Richie,,You Are
1983,Madness,,Our House
1983,Matthew Wilder,,Break My Stride
1983,Men At Work,,Overkill
1983,Men Without Hats,,The Safety Dance
1983,Michael Jackson,,Beat It
1983,Michael Jackson,,Billie Jean
1983,Michael Jackson,,Human Nature
1983,Michael Jackson,,P.Y.T. (Pretty Young Thing)
1983,Michael Jackson,,Wanna Be Startin' Somethin'
1983,Michael Sembello,,Maniac
1983,Naked Eyes,,Always Something There To Remind Me
1983,Pat Benatar,,Love Is A Battlefield
1983,Paul McCartney And Michael Jackson,,Say Say Say
1983,Peter Schilling,,Major Tom (Coming Home)
1983,Pretenders,,Back On The Chain Gang
1983,Prince,,1999
1983,Prince,,Delirious
1983,Prince,,Little Red Corvette
1983,Quiet Riot,,Cum On Feel The Noize
1983,Rick Springfield,,Affair Of The Heart
1983,Saga,,On The Loose
1983,Spandau Ballet,,True
1983,Stray Cats,,Stray Cat Strut
1983,Styx,,Don't Let It End
1983,Styx,,Mr. Roboto
1983,Taco,,Puttin' On The Ritz
1983,Talking Heads,,Burning Down The House
1983,The Fixx,,One Thing Leads To Another
1983,The Fixx,,Saved By Zero
1983,The Human League,,(Keep Feeling) Fascination
1983,The Kinks,,Come Dancing
1983,The Police,,Every Breath You Take
1983,The Police,,King Of Pain
1983,The Police,,Synchronicity II
1983,The Rolling Stones,,Undercover Of The Night
1983,The Romantics,,Talking In Your Sleep
1983,Thomas Dolby,,She Blinded Me With Science
1983,Yes,,Owner Of A Lonely Heart
1983,ZZ Top,,Gimme All Your Lovin
1984,"""Weird Al"" Yankovic",,Eat It
1984,Billy Idol,,Eyes Without A Face
1984,Billy Joel,,Leave A Tender Moment Alone
1984,Billy Joel,,The Longest Time
1984,Billy Ocean,,Caribbean Queen (No More Love On The Run)
1984,Billy Ocean,,Lover Boy
1984,Bruce Springsteen,,Born In The USA
1984,Bruce Springsteen,,Cover Me
1984,Bruce Springsteen,,Dancing In The Dark
1984,Bryan Adams,,Run To You
1984,Chaka Khan,,I Feel For You
1984,Chicago,,Stay The Night
1984,Chicago,,You're The Inspiration
1984,Corey Hart,,Sunglasses At Night
1984,Cyndi Lauper,,All Through The Night
1984,Cyndi Lauper,,Girls Just Want To Have Fun
1984,Cyndi Lauper,,She Bop
1984,Cyndi Lauper,,Time After Time
1984,Dan Hartman,,I Can Dream About You
1984,Daryl Hall John Oates,,Out Of Touch
1984,Deniece Williams,,Let's Hear It For The Boy
1984,Don Henley,,The Boys Of Summer
1984,Duran Duran,,New Moon On Monday
1984,Duran Duran,,The Reflex
1984,Eurythmics,,Here Comes The Rain Again
1984,Foreigner,,I Want To Know What Love Is
1984,Howard Jones,,New Song
1984,Huey Lewis & The News,,I Want A New Drug
1984,Huey Lewis & The News,,If This Is It
1984,Huey Lewis & The News,,The Heart Of Rock & Roll
1984,Icicle Works,,Whisper To A Scream (Birds Fly)
1984,John Cafferty & The Beaver Brown Band,,On The Dark Side
1984,John Cougar Mellencamp,,The Authority Song
1984,Julio Iglesias And Willie Nelson,,To All The Girls I've Loved Before
1984,Kenny Loggins,,Footloose
1984,Lionel Richie,,Hello
1984,Lionel Richie,,Stuck On You
1984,Madonna,,Borderline
1984,Madonna,,Like A Virgin
1984,Madonna,,Lucky Star
1984,Michael Jackson,,Thriller
1984,Nena,,99 Luftballons
1984,New Edition,,Cool It Now
1984,Night Ranger,,Sister Christian
1984,Pat Benatar,,We Belong
1984,Phil Collins,,Against All Odds (Take A Look At Me Now)
1984,Philip Bailey With Phil Collins,,Easy Lover
1984,Pretenders,,Middle Of The Road
1984,Prince,,When Doves Cry
1984,Prince And The Revolution,,I Would Die 4 U
1984,Prince And The Revolution,,Let's Go Crazy
1984,Prince And The Revolution,,Purple Rain
1984,Ray Parker Jr.,,Ghostbusters
1984,Rockwell,,Somebody's Watching Me
1984,Rod Stewart,,Some Guys Have All The Luck
1984,Scorpions,,Rock You Like A Hurricane
1984,Shannon,,Let The Music Play
1984,Sheena Easton,,Strut
1984,Sheila E.,,The Glamorous Life
1984,Steve Perry,,Foolish Heart
1984,Steve Perry,,"Oh, Sherrie"
1984,Stevie Wonder,,I Just Called To Say I Love You
1984,The Cars,,Drive
1984,The Cars,,Hello Again
1984,The Cars,,You Might Think
1984,The Jacksons,,State of Shock
1984,The Pointer Sisters,,Automatic
1984,The Pointer Sisters,,Jump (for My Love)
1984,The Pointer Sisters,,Neutron Dance
1984,The Police,,Wrapped Around Your Finger
1984,Thompson Twins,,Hold Me Now
1984,Tina Turner,,Better Be Good To Me
1984,Tina Turner,,What's Love Got To Do With It
1984,Tracey Ullman,,They Don't Know
1984,Twisted Sister,,We're Not Gonna Take It
1984,U2,,(Pride) In The Name Of Love
1984,UB40,,Red Red Wine
1984,Van Halen,,Jump
1984,Van Halen,,Panama
1984,Wang Chung,,Dance Hall Days
1984,Wham!,,Wake Me Up Before You Go-Go
1984,Wham! Featuring George Michael,,Careless Whisper
1984,ZZ Top,,Legs
1985,Aretha Franklin,,Freeway Of Love
1985,Aretha Franklin,,Who's Zoomin' Who
1985,Billy Joel,,The Night Is Still Young
1985,Billy Joel,,You're Only Human (Second Wind)
1985,Billy Ocean,,"When The Going Gets Tough, The Tough Get Going"
1985,Bruce Springsteen,,Glory Days
1985,Bruce Springsteen,,I'm Goin' Down
1985,Bruce Springsteen,,I'm On Fire
1985,Bruce Springsteen,,My Hometown
1985,Bryan Adams,,Summer Of '69
1985,Dead Or Alive,,You Spin Me Round (Like A Record)
1985,Debarge,,Rhythm Of The Night
1985,Depeche Mode,,People Are People
1985,"Dionne & Friends Featuring Elton John, Gladys Knight And Stevie Wonder",,That's What Friends Are For
1985,Dire Straits,,Money For Nothing
1985,Dire Straits,,Walk Of Life
1985,Don Henley,,All She Wants to Do Is Dance
1985,Duran Duran,,Save A Prayer
1985,Eddie Murphy,,Party All The Time
1985,Eurythmics,,Would I Lie To You?
1985,Frankie Goes To Hollywood,,Relax
1985,Glenn Frey,,The Heat Is On
1985,Glenn Frey,,You Belong To The City
1985,Godley & Creme,,Cry
1985,Harold Faltermeyer,,Axel F
1985,Heart,,What About Love?
1985,Hooters,,And We Danced
1985,Howard Jones,,Life In One Day
1985,Howard Jones,,Things Can Only Get Better
1985,Huey Lewis & The News,,The Power Of Love
1985,John Fogerty,,The Old Man Down The Road
1985,John Mellencamp,,Lonely Ol' Night
1985,John Mellencamp,,Small Town
1985,Julian Lennon,,Too Late For Goodbyes
1985,Katrina And The Waves,,Walking On Sunshine
1985,Kool & The Gang,,Cherish
1985,Kool & The Gang,,Fresh
1985,Kool & The Gang,,Misled
1985,Lionel Richie,,"Say You, Say Me"
1985,Madonna,,Crazy For You
1985,Madonna,,Dress You Up
1985,Madonna,,Material Girl
1985,Miami Sound Machine,,Conga
1985,Mr. Mister,,Broken Wings
1985,New Edition,,Mr. Telephone Man
1985,Phil Collins,,Don't Lose My Number
1985,Phil Collins,,One More Night
1985,Phil Collins,,Sussudio
1985,Prince And The Revolution,,Raspberry Beret
1985,Prince And The Revolution Duet With Apollonia,,Take Me With U
1985,REO Speedwagon,,Can't Fight This Feeling
1985,Sade,,Smooth Operator
1985,Sade,,The Sweetest Taboo
1985,Sheena Easton,,Sugar Walls
1985,Sheila E.,,A Love Bizarre
1985,Simple Minds,,Alive & Kicking
1985,Simple Minds,,Don't You (Forget About Me)
1985,Starship,,We Built This City
1985,Stevie Wonder,,Part-Time Lover
1985,Sting,,Fortress Around Your Heart
1985,Sting,,If You Love Somebody Set Them Free
1985,Sting,,Love Is The Seventh Wave
1985,Tears For Fears,,Everybody Wants To Rule The World
1985,Tears For Fears,,Head Over Heels
1985,Tears For Fears,,Shout
1985,The Power Station,,Get It On (Bang A Gong)
1985,The Power Station,,Some Like It Hot
1985,The Time,,Jungle Love
1985,Thompson Twins,,Lay Your Hands On Me
1985,Tom Petty And The Heartbreakers,,Don't Come Around Here No More
1985,USA For Africa,,We Are The World
1985,Wham!,,Everything She Wants
1985,Whitney Houston,,How Will I Know
1985,Whitney Houston,,Saving All My Love For You
1985,a-ha,,Take On Me
1986,Atlantic Starr,,Secret Lovers
1986,Baltimora,,"Tarzan Boy (From ""Teenage Mutant Ninja Turtles III"")"
1986,Bananarama,,Venus
1986,Ben E. King,,Stand By Me
1986,Berlin,,"Take My Breath Away (Love Theme From ""Top Gun"")"
1986,Billy Joel,,A Matter Of Trust
1986,Bon Jovi,,You Give Love A Bad Name
1986,Boston,,Amanda
1986,Bruce Hornsby & The Range,,The Way It Is
1986,Cameo,,Word Up
1986,Carl Anderson & Gloria Loring,,Friends And Lovers
1986,Cyndi Lauper,,True Colors
1986,Dire Straits,,So Far Away
1986,Falco,,Rock Me Amadeus
1986,Genesis,,Invisible Touch
1986,Genesis,,Land Of Confusion
1986,Genesis,,Throwing It All Away
1986,Heart,,These Dreams
1986,INXS,,What You Need
1986,Janet Jackson,,What Have You Done For Me Lately
1986,John Mellencamp,,R.O.C.K. In The U.S.A. (A Salute to 60's Rock)
1986,Madonna,,Papa Don't Preach
1986,Miami Sound Machine,,Words Get In The Way
1986,Mike + The Mechanics,,All I Need Is A Miracle
1986,Mr. Mister,,Kyrie
1986,Pet Shop Boys,,West End Girls
1986,Peter Gabriel,,Sledgehammer
1986,Prince And The Revolution,,Kiss
1986,Robbie Nevil,,C'est La Vie
1986,Robert Palmer,,Addicted To Love
1986,Run-D.M.C.,,Walk This Way
1986,Starship,,Sara
1986,Steve Winwood,,Higher Love
1986,Sting,,Russians
1986,The Bangles,,Manic Monday
1986,The Bangles,,Walk Like An Egyptian
1986,The Dream Academy,,Life In A Northern Town
1986,The Human League,,Human
1986,The Jets,,Crush On You
1986,The Moody Blues,,Your Wildest Dreams
1986,Van Halen,,Why Can't This Be Love
1986,Wang Chung,,Everybody Have Fun Tonight
1986,Whitney Houston,,Greatest Love Of All
1987,Bon Jovi,,Livin' On A Prayer
1987,Club Nouveau,,Lean On Me
1987,Cutting Crew,,(I Just) Died In Your Arms
1987,Europe,,The Final Countdown
1987,Fleetwood Mac,,Little Lies
1987,Genesis,,In Too Deep
1987,Genesis,,"Tonight, Tonight, Tonight"
1987,George Harrison,,Got My Mind Set On You
1987,George Michael,,Faith
1987,George Michael,,"I Want Your Sex (From ""Beverly Hills Cop II"")"
1987,Grateful Dead,,Touch Of Grey
1987,Heart,,Alone
1987,Los Lobos,,La Bamba
1987,Madonna,,La Isla Bonita
1987,Michael Jackson,,Bad
1987,Michael Jackson,,The Way You Make Me Feel
1987,Paul Simon,,You Can Call Me Al
1987,Salt-N-Pepa,,Push It
1987,Steve Winwood,,Back In The High Life Again
1987,Suzanne Vega,,Luka
1987,The Bangles,,Hazy Shade Of Winter
1987,U2,,I Still Haven't Found What I'm Looking For
1987,U2,,With Or Without You
1988,Guns N' Roses,,Sweet Child O' Mine
1988,INXS,,Devil Inside
1988,Michael Jackson,,Man In The Mirror
1989,Billy Joel,,We Didn't Start The Fire
1989,Cher,,If I Could Turn Back Time
1989,Madonna,,Like A Prayer
1989,R.E.M.,,Stand
1989,Richard Marx,,Right Here Waiting
1990,Deee-Lite,,Groove Is In The Heart
1990,M.C. Hammer,,U Can't Touch This
1991,EMF,,Unbelievable
1991,R.E.M.,,Losing My Religion
1991,R.E.M.,,Shiny Happy People
1992,Nirvana,,Smells Like Teen Spirit
1993,Billy Joel,,The River Of Dreams
1994,Sheryl Crow,,All I Wanna Do
1996,Sheryl Crow,,If It Makes You Happy
1997,Sheryl Crow,,Everyday Is A Winding Road
1999,Ricky Martin,,Livin' La Vida Loca
1999,Santana Featuring Rob Thomas,,Smooth
2000,Dr. Dre Featuring Eminem,,Forgot About Dre
2000,Eminem,,The Real Slim Shady
2001,Train,,Drops Of Jupiter (Tell Me)
2002,Avril Lavigne,,Complicated
2002,Avril Lavigne,,Sk8er Boi
2002,Eminem,,Without Me
2003,Coldplay,,Clocks
2003,Justin Timberlake,,Cry Me A River
2003,Justin Timberlake,,Rock Your Body
2004,Linkin Park,,Breaking The Habit
2004,Linkin Park,,Numb
2004,Sheryl Crow,,The First Cut Is The Deepest
2005,Kanye West Featuring Jamie Foxx,,Gold Digger
2005,The Killers,,Mr. Brightside
2006,Fall Out Boy,,"Dance, Dance"
2006,Justin Timberlake Featuring T.I.,,My Love
2006,Nelly Furtado Featuring Timbaland,,Promiscuous
2006,The All-American Rejects,,Dirty Little Secret
2006,The Black Eyed Peas,,Pump It
2006,The Fray,,How To Save A Life
2006,The Killers,,When You Were Young
2007,Beyonce,,Irreplaceable
2007,Fall Out Boy,,Thnks Fr Th Mmrs
2007,Gwen Stefani Featuring Akon,,The Sweet Escape
2007,Justin Timberlake,,What Goes Around...Comes Around
2007,Plain White T's,,Hey There Delilah
2007,Rihanna Featuring Jay-Z,,Umbrella
2008,Britney Spears,,Womanizer
2008,Estelle Featuring Kanye West,,American Boy
2008,Katy Perry,,I Kissed A Girl
2008,Linkin Park,,Shadow Of The Day
2008,Rihanna,,Don't Stop The Music
2008,Taylor Swift,,Love Story
2009,Beyonce,,Halo
2009,Beyonce,,Single Ladies (Put A Ring On It)
2009,Lady Gaga,,Paparazzi
2009,Lady Gaga,,Poker Face
2009,The Black Eyed Peas,,Boom Boom Pow
2009,The Black Eyed Peas,,I Gotta Feeling
2010,Katy Perry,,Teenage Dream
2010,Katy Perry Featuring Snoop Dogg,,California Gurls
2010,Lady Gaga,,Bad Romance
2010,Paramore,,The Only Exception
2010,Rihanna,,Only Girl (In The World)
2010,Train,,"Hey, Soul Sister"
2011,Adele,,Rolling In The Deep
2011,Bruno Mars,,Grenade
2011,Christina Perri,,Jar Of Hearts
2011,Foster The People,,Pumped Up Kicks
2011,Katy Perry,,Firework
2011,Maroon 5 Featuring Christina Aguilera,,Moves Like Jagger
2011,Rihanna Featuring Britney Spears,,S&M
2012,Adele,,Set Fire To The Rain
2012,Bruno Mars,,Locked Out Of Heaven
2012,Gotye Featuring Kimbra,,Somebody That I Used To Know
2012,Kelly Clarkson,,Stronger (What Doesn't Kill You)
2012,The Lumineers,,Ho Hey
2012,The Wanted,,Glad You Came
2012,fun. Featuring Janelle Monae,,We Are Young
2013,Anna Kendrick,,Cups (Pitch Perfect's When I'm Gone)
2013,Capital Cities,,Safe And Sound
2013,Daft Punk Featuring Pharrell Williams,,Get Lucky
2013,Macklemore & Ryan Lewis Featuring Ray Dalton,,Can't Hold Us
2013,P!nk Featuring Nate Ruess,,Just Give Me A Reason
2013,Taylor Swift,,I Knew You Were Trouble.
2013,The Neighbourhood,,Sweater Weather
2014,Ellie Goulding,,Burn
2014,Katy Perry Featuring Juicy J,,Dark Horse
2014,Maroon 5,,Animals
2014,Meghan Trainor,,All About That Bass
2014,Paramore,,Ain't It Fun
2014,Taylor Swift,,Shake It Off
2014,Vance Joy,,Riptide
2015,Elle King,,Ex's & Oh's
2015,Lillywood & Robin Schulz,,Prayer In C
2015,Mark Ronson Featuring Bruno Mars,,Uptown Funk!
2015,Rachel Platten,,Fight Song
2015,Shawn Mendes,,Stitches
2015,Taylor Swift,,Blank Space
2015,The Weeknd,,Can't Feel My Face
2016,Adele,,Hello
2016,Charlie Puth,,One Call Away
2016,Justin Timberlake,,Can't Stop The Feeling!
2018,Ariana Grande,,No Tears Left To Cry
2018,Bruno Mars & Cardi B,,Finesse
2018,Imagine Dragons,,Whatever It Takes
2018,Kendrick Lamar & SZA,,All The Stars
2019,Lil Nas X Featuring Billy Ray Cyrus,,Old Town Road
2020,Harry Styles,,Watermelon Sugar
2020,The Weeknd,,Blinding Lights
2022,Harry Styles,,As It Was
2022,Imagine Dragons X JID,,Enemy
2022,Taylor Swift,,Anti-Hero
2023,"Metro Boomin, The Weeknd & 21 Savage",,Creepin'
2024,Chappell Roan,,Pink Pony Club
2024,Chappell Roan,,Red Wine Supernova
2025,Olivia Dean,,Man I Need
2025,sombr,,Back To Friends
2025,sombr,,Undressed
,Deep Purple,,Smoke on the Water
,A Taste of Honey,,Boogie Oogie Oogie
,Chic,,Good Times
,Marvin Gaye,,I Heard It Through the Grapevine
,Aerosmith,,Walk This Way
,Aerosmith,,I Don't Want to Miss a Thing
,Foreigner,,Feels Like the First Time
,Foreigner,,Waiting for a Girl Like You
,Foreigner,,I Want to Know What Love Is
,Foreigner,,Double Vision
,Foreigner,,"Blue Morning, Blue Day"
,Foreigner,,Cold as Ice
,Foreigner,,Jukebox Hero
,The Rolling Stones,,Shattered
,The Guess Who,,These Eyes
,The Guess Who,,American Woman
,Cake,,You Turn the Screws
,Harvey Danger,,Flagpole Sitta
,Chet Baker,,My Funny Valentine
,The Man of La Mancha,,The Impossible Dream
,John Lennon & Elton John,,Whatever Gets You Through the Night
,John Lennon,,Instant Karma!
,Wings,,Silly Love Songs
,Saga,,Wind Him Up
,Supertramp,,Give a Little Bit
,Supertramp,,The Logical Song
,New Order,,Blue Monday
,Manfred Mann's Earth Band,,Blinded by the Light
,Bell Biv DeVoe,,Poison
,The Romantics,,What I Like About You
,Kate Bush,,Wuthering Heights
,Michael McDonald,,I Keep Forgettin'
,Jefferson Airplane,,Somebody to Love
,Jefferson Airplane,,White Rabbit
,The Breeders,,Cannonball
,The Motels,,Suddenly Last Summer
,The Motels,,Only the Lonely
,Dire Straits,,Sultans of Swing
,Kansas,,Dust in the Wind
,Loverboy,,Working for the Weekend
,The Doobie Brothers,,Without Love
,The Doobie Brothers,,What a Fool Believes
,The Fixx,,One Thing Leads to Another
,The Fixx,,Saved by Zero
,Men Without Hats,,Safety Dance
,Lipps Inc.,,Funkytown
,MC Hammer,,Can't Touch This
,Wang Chung,,Everybody Have Fun Tonight
,The Left Banke,,Walk Away Renée
,Shaggy,,Angel
,Sister Sledge,,We Are Family
,The Killers,,Somebody Told Me
,Saint Motel,,My Type
,Michael Jackson,,Bad
,Michael Jackson,,Black or White
,Weird Al Yankovic,,Eat It
,Weird Al Yankovic,,My Bologna
,Weird Al Yankovic,,Another One Rides the Bus
,Weird Al Yankovic,,The Greatest Ball of Twine in Minnesota
,Weird Al Yankovic,,Amish Paradise
,Weird Al Yankovic,,White & Nerdy
,Smash Mouth,,All Star
,Don McLean,,American Pie
,Elton John,,Bennie and the Jets
,Cher,,Believe
,Queen,,Bohemian Rhapsody
,Simon & Garfunkel,,Bridge Over Troubled Water
,Van Morrison,,Brown Eyed Girl
,The Everly Brothers,,Bye Bye Love
,Elvis Presley,,Can't Help Falling in Love
,Martha & the Vandellas,,Dancing in the Street
,ABBA,,Dancing Queen
,Journey,,Don't Stop Believin'
,Dobie Gray,,Drift Away
,The Sound of Music,,Edelweiss
,Kenny Loggins,,Footloose
,The Beach Boys,,God Only Knows
,The Beach Boys,,Good Vibrations
,Leonard Cohen,,Hallelujah
,Pharrell Williams,,Happy
,The Turtles,,Happy Together
,The Beatles,,Hey Jude
,Elvis Presley,,Hound Dog
,Joan Jett & the Blackhearts,,I Love Rock 'n' Roll
,Backstreet Boys,,I Want It That Way
,The Beatles,,I Want to Hold Your Hand
,Gloria Gaynor,,I Will Survive
,The Monkees,,I'm a Believer
,John Lennon,,Imagine
,Chuck Berry,,Johnny B. Goode
,Three Dog Night,,Joy to the World
,Ritchie Valens,,La Bamba
,Bill Withers,,Lean on Me
,John Denver,,Leaving on a Jet Plane
,The Beatles,,Let It Be
,Bon Jovi,,Livin' on a Prayer
,The B-52s,,Love Shack
,Jimmy Buffett,,Margaritaville
,Tommy James and the Shondells,,Mony Mony
,Simon & Garfunkel,,Mrs. Robinson
,Julie Andrews,,My Favorite Things
,The Temptations,,My Girl
,Frank Sinatra,,My Way
,Rick Astley,,Never Gonna Give You Up
,The Beatles,,"Ob-La-Di, Ob-La-Da"
,Roy Orbison,,"Oh, Pretty Woman"
,Judy Garland,,Over the Rainbow
,Billy Joel,,Piano Man
,Chappell Roan,,Pink Pony Club
,Creedence Clearwater Revival,,Proud Mary
,Aretha Franklin,,Respect
,Elton John,,Rocket Man
,Tears for Fears,,Shout
,Otis Redding,,(Sittin' On) The Dock of the Bay
,Ben E. King,,Stand By Me
,The Archies,,Sugar Sugar
,Grease (Olivia Newton-John & John Travolta),,Summer Nights
,Neil Diamond,,Sweet Caroline
,Lynyrd Skynyrd,,Sweet Home Alabama
,Buddy Holly,,That'll Be the Day
,Dean Martin,,That's Amore
,The Tokens,,The Lion Sleeps Tonight
,The Dubliners,,The Wild Rover
,Frank Sinatra,,"Theme from New York, New York"
,Bob Marley,,Three Little Birds
,The Beatles,,Twist and Shout
,The Drifters,,Under the Boardwalk
,Mark Ronson ft. Bruno Mars,,Uptown Funk
,Queen,,We Will Rock You
,Louis Armstrong,,What a Wonderful World
,The Beatles,,With a Little Help from My Friends
,The Beatles,,Yellow Submarine
,Village People,,YMCA
,Jimmie Davis,,You Are My Sunshine
,Mission of Burma,,That's when I Reach for My Revolver
,Badfinger,,Day After Day
,The Temptations,,Papa Was a Rollin' Stone
,Radiohead,,Creep
,Radiohead,,Karma Police
,Radiohead,,High and Dry
,Camera Obscura,,"Lloyd, I'm Ready to Be Heartbroken"
,Warren Zevon,,Werewolves of London
,Of Montreal,,Fun Loving Nun
,Modest Mouse,,Float On
,Chumbawamba,,Tubthumping
,The Mighty Mighty Bosstones,,The Impression That I Get
,Grouplove,,Tongue Tied
,The Postal Service,,Such Great Heights
,The Shins,,New Slang
,The Shins,,Caring Is Creepy
,R.E.M.,,Losing My Religion
,Soundgarden,,Black Hole Sun
,The Lumineers,,Ho Hey
,Vance Joy,,Riptide
,Paramore,,The Only Exception
,Paramore,,Ain't It Fun
,Paul McCartney & Michael Jackson,,Say Say Say
,Styx,,Come Sail Away
,The Who,,Baba O'Riley
,The Who,,Won't Get Fooled Again
,The Who,,Behind Blue Eyes
,The Who,,My Generation
,The Who,,I Can See for Miles
,The Who,,Athena
,Blur,,Song #2
,Oasis,,Don't Look Back in Anger
,Oasis,,Champagne Supernova
,Jimi Hendrix,,Purple Haze
,Pink Pantheress,,"Boy's a Liar, Part 2"
,Queen,,Don't Stop Me Now
,Queen,,Crazy Little Thing Called Love
,Queen,,Under Pressure
,Queen,,Killer Queen
,Queen,,Another One Bites the Dust
,Queen,,You're My Best Friend
,Queen,,Flash's Theme
,Bee Gees,,More than a Woman
,Smash Mouth,,Walkin On The Sun
,Lenny Kravitz,,Fly Away
,Cake,,Never There
,Red Hot Chili Peppers,,Scar Tissue
,Semisonic,,Closing Time
,Third Eye Blind,,Semi-Charmed Life
,Sugar Ray,,Fly
,,,Send in the Clowns
,Green Day,,Time Of Your Life (Good Riddance)
,"Verve, The",,Bitter Sweet Symphony
,Fastball,,The Way
,Goo Goo Dolls,,Iris
,Goo Goo Dolls,,Slide
,Sugar Ray,,Every Morning
,Green Day,,Brain Stew / Jaded
,"Smashing Pumpkins, The",,1979 [Nineteen Seventy Nine]
,Sublime,,What I Got
,Green Day,,When I Come Around
,Barenaked Ladies,,One Week
,The Pixies,,Here Comes Your Man
,The Pixies,,Wave of Mutilation
,The Pixies,,Monkey Gone to Heaven
,Smells Like Teen Spirit,,Nirvana
,Devo,,Uncontrollable Urge
,Devo,,(I Can't Get No) Satisfaction
,Devo,,Mongoloid
,Devo,,Jocko Homo
,Joy Division,,Love will Tear Us Apart
,Joy Division,,The Eternal
,One Headlight,,"Wallflowers, The"
,Tubthumping,,Chumbawamba
,Cannonball,,"Breeders, The"
,Tom Petty,,Refugee
,Tom Petty,,Don't Do Me Like That
,Tom Petty,,Free Fallin'
,Tom Petty,,Runnin' down a Dream
,Tom Petty,,I Won't Back Down
,The Guess Who,,Laughing
,The Guess Who,,Undun
,The Guess Who,,No Time
,Green Day,,Longview
,Sublime,,Santeria
,Beck,,Loser
,No Doubt,,Don't Speak
,Alanis Morissette,,Ironic
,Alanis Morissette,,You Oughta Know
,The Cars,,Shake It Up
,The Cars,,My Best Friend's Girl
,The Cars,,Good Times Roll
,The Cars,,Let's Go
,The Cars,,Just What I Needed
,The Cars,,Drive
,The Cars,,You Might Think
,Soft Cell,,Tainted Love
,Sublime,,Wrong Way
,Third Eye Blind,,How's It Going To Be
,Nirvana,,All Apologies
,Foo Fighters,,Learn To Fly
,"Mighty Mighty Bosstones, The",,The Impression That I Get
,Crash Test Dummies,,Mmm Mmm Mmm Mmm
,Counting Crows,,Mr. Jones
,Nirvana,,Heart-Shaped Box
,Hole,,Celebrity Skin
,"Cure, The",,Friday I'm In Love
,Green Day,,Basket Case
,Garbage,,Stupid Girl
,"Offspring, The",,Come Out And Play
,Cake,,The Distance
,Citizen King,,Better Days (And The Bottom Drops Out)
,Sinead O'Connor,,Nothing Compares 2 U
,Fiona Apple,,Criminal
,"Offspring, The",,Self Esteem
,Weezer,,Buddy Holly
,R.E.M.,,The One I Love
,R.E.M.,,Stand
,R.E.M.,,Radio Free Europe
,R.E.M.,,Everybody Hurts
,R.E.M.,,Shiny Happy People
,R.E.M.,,Radio Song
,R.E.M.,,Near Wild Heaven
,R.E.M.,,It's the End of the World as We Know It
,R.E.M.,,So. Central Rain
,Ben Folds Five,,Brick
,Foo Fighters,,My Hero
,"10,000 Maniacs",,These Are Days
,Stone Temple Pilots,,Lady Picture Show
,Beck,,Where It's At
,"La's, The",,There She Goes
,Alanis Morissette,,Hand In My Pocket
,Collective Soul,,The World I Know
,Eagle-Eye Cherry,,Save Tonight
,"Divinyls, The",,I Touch Myself
,R.E.M.,,Man On The Moon
,Lenny Kravitz,,Are You Gonna Go My Way
,Hole,,Doll Parts
,"Smashing Pumpkins, The",,"Tonight, Tonight"
,Third Eye Blind,,Jumper
,Green Day,,Geek Stink Breath
,Weezer,,Say It Ain't So
2000,Blink-182,,All the Small Things
2000,Red Hot Chili Peppers,,Californication
2000,Papa Roach,,Last Resort
2001,Train,,Drops of Jupiter (Tell Me)
2001,Nickelback,,How You Remind Me
2002,Linkin Park,,In the End
2004,Green Day,,Boulevard of Broken Dreams
2004,Linkin Park,,Breaking the Habit
2004,Modest Mouse,,Float On
2004,The Killers,,Somebody Told Me
2004,Maroon 5,,This Love
2005,Coldplay,,Speed of Sound
2008,Shinedown,,Second Chance
2008,Linkin Park,,Shadow of the Day
2009,Kings of Leon,,Use Somebody
2011,Foster the People,,Pumped Up Kicks
2012,Mumford & Sons,,I Will Wait
2012,fun. featuring Janelle Monáe,,We Are Young
2016,Twenty One Pilots,,Stressed Out
2017,Portugal. The Man,,Feel It Still
2020,Weezer,,Hero
1977,Talking Heads,Talking Heads: 77,"Uh-Oh, Love Comes to Town"
1977,Talking Heads,Talking Heads: 77,Who Is It?
1977,Talking Heads,Talking Heads: 77,No Compassion
1977,Talking Heads,Talking Heads: 77,The Book I Read
1977,Talking Heads,Talking Heads: 77,Don't Worry About the Government
1977,Talking Heads,Talking Heads: 77,Psycho Killer
1977,Talking Heads,Talking Heads: 77,Pulled Up
1979,Talking Heads,More Songs About Buildings and Food,Thank You for Sending Me an Angel
1979,Talking Heads,More Songs About Buildings and Food,With Our Love
1979,Talking Heads,More Songs About Buildings and Food,The Good Thing
1979,Talking Heads,More Songs About Buildings and Food,Warning Sign
1979,Talking Heads,More Songs About Buildings and Food,The Girls Want to Be with the Girls
1979,Talking Heads,More Songs About Buildings and Food,Take Me to the River
1979,Talking Heads,Fear of Music,I Zimbra
1979,Talking Heads,Fear of Music,Cities
1979,Talking Heads,Fear of Music,Life During Wartime
1980,Talking Heads,Remain in Light,Once in a Lifetime
1979,The Clash,London Calling,London Calling
1979,The Clash,London Calling,Brand New Cadillac
1979,The Clash,London Calling,Rudie Can't Fail
1979,The Clash,London Calling,Spanish Bombs
1979,The Clash,London Calling,Lost in the Supermarket
1979,The Clash,London Calling,Clampdown
1979,The Clash,London Calling,The Guns of Brixton
1979,The Clash,London Calling,Death or Glory
1979,The Clash,London Calling,Train in Vain
1977,Sex Pistols,"Never Mind the Bollocks, Here's the Sex Pistols",Holidays in the Sun
1977,Sex Pistols,"Never Mind the Bollocks, Here's the Sex Pistols",Bodies
1977,Sex Pistols,"Never Mind the Bollocks, Here's the Sex Pistols",No Feelings
1977,Sex Pistols,"Never Mind the Bollocks, Here's the Sex Pistols",Problems
1977,Sex Pistols,"Never Mind the Bollocks, Here's the Sex Pistols",God Save the Queen
1977,Sex Pistols,"Never Mind the Bollocks, Here's the Sex Pistols",Anarchy in the U.K.
1977,Sex Pistols,"Never Mind the Bollocks, Here's the Sex Pistols",Submission
1977,Sex Pistols,"Never Mind the Bollocks, Here's the Sex Pistols",Pretty Vacant
1994,Cake,Motorcade of Generosity,Comanche
1994,Cake,Motorcade of Generosity,Up So Close
1994,Cake,Motorcade of Generosity,Jolene
1994,Cake,Motorcade of Generosity,Jesus Wrote a Blank Check
1994,Cake,Motorcade of Generosity,Pentagram
1994,Cake,Motorcade of Generosity,Is This Love?
1996,Cake,Fashion Nugget,Frank Sinatra
1996,Cake,Fashion Nugget,The Distance
1996,Cake,Fashion Nugget,Friend Is a Four Letter Word
1996,Cake,Fashion Nugget,Open Book
1996,Cake,Fashion Nugget,Daria
1996,Cake,Fashion Nugget,Race Car Ya-Yas
1996,Cake,Fashion Nugget,I Will Survive
1996,Cake,Fashion Nugget,Stickshifts and Safetybelts
1996,Cake,Fashion Nugget,"Perhaps, Perhaps, Perhaps"
1996,Cake,Fashion Nugget,It's Coming Down
1996,Cake,Fashion Nugget,Nugget
1996,Cake,Fashion Nugget,She'll Come Back to Me
1996,Cake,Fashion Nugget,Italian Leather Sofa
1980,Genesis,Duke,Misunderstanding
1980,Genesis,Duke,Turn It On Again
1981,Genesis,Abacab,Abacab
1981,Genesis,Abacab,No Reply at All
1981,Genesis,Abacab,Man on the Corner
1983,Genesis,Genesis,That's All
1983,Genesis,Genesis,Taking It All Too Hard
1986,Genesis,Invisible Touch,Invisible Touch
1986,Genesis,Invisible Touch,"Tonight, Tonight, Tonight"
1986,Genesis,Invisible Touch,Land of Confusion
1986,Genesis,Invisible Touch,In Too Deep
1986,Genesis,Invisible Touch,Throwing It All Away
1984,Frankie Goes to Hollywood,Welcome to the Pleasuredome,Welcome to the Pleasuredome
1984,Frankie Goes to Hollywood,Welcome to the Pleasuredome,Relax
1984,Frankie Goes to Hollywood,Welcome to the Pleasuredome,Two Tribes
1984,Frankie Goes to Hollywood,Welcome to the Pleasuredome,Ferry Cross the Mersey
1984,Frankie Goes to Hollywood,Welcome to the Pleasuredome,San José (The Way)
1984,Frankie Goes to Hollywood,Welcome to the Pleasuredome,The Power of Love
1997,Ben Folds Five,Whatever and Ever Amen,One Angry Dwarf and 200 Solemn Faces
1997,Ben Folds Five,Whatever and Ever Amen,Brick
1997,Ben Folds Five,Whatever and Ever Amen,Smoke
1967,Pink Floyd,The Piper at the Gates of Dawn,Astronomy Domine
1967,Pink Floyd,The Piper at the Gates of Dawn,Lucifer Sam
1967,Pink Floyd,The Piper at the Gates of Dawn,The Gnome
1967,Pink Floyd,The Piper at the Gates of Dawn,Bike
1971,Pink Floyd,Meddle,A Pillow of Winds
1971,Pink Floyd,Meddle,Fearless
1971,Pink Floyd,Meddle,San Tropez
1971,Pink Floyd,Meddle,Seamus
1975,Pink Floyd,Wish You Were Here,Shine On You Crazy Diamond (Parts I-V)
1975,Pink Floyd,Wish You Were Here,Welcome to the Machine
1975,Pink Floyd,Wish You Were Here,Have a Cigar
1975,Pink Floyd,Wish You Were Here,Wish You Were Here
1979,Pink Floyd,The Wall,The Thin Ice
1979,Pink Floyd,The Wall,"Another Brick in the Wall, Part 2"
1979,Pink Floyd,The Wall,Mother
1979,Pink Floyd,The Wall,Goodbye Blue Sky
1979,Pink Floyd,The Wall,Empty Spaces
1979,Pink Floyd,The Wall,Young Lust
1979,Pink Floyd,The Wall,One of My Turns
1979,Pink Floyd,The Wall,Don't Leave Me Now
1979,Pink Floyd,The Wall,Hey You
1979,Pink Floyd,The Wall,Comfortably Numb
1979,Pink Floyd,The Wall,Run Like Hell
1982,Michael Jackson,Thriller,Wanna Be Startin' Somethin'
1982,Michael Jackson,Thriller,The Girl Is Mine
1982,Michael Jackson,Thriller,Thriller
1982,Michael Jackson,Thriller,Beat It
1982,Michael Jackson,Thriller,Billie Jean
1982,Michael Jackson,Thriller,Human Nature
1982,Michael Jackson,Thriller,P.Y.T. (Pretty Young Thing)
1966,The Beach Boys,Pet Sounds,Wouldn't It Be Nice
1966,The Beach Boys,Pet Sounds,You Still Believe in Me
1966,The Beach Boys,Pet Sounds,That's Not Me
1966,The Beach Boys,Pet Sounds,Don't Talk (Put Your Head on My Shoulder)
1966,The Beach Boys,Pet Sounds,Sloop John B
1966,The Beach Boys,Pet Sounds,God Only Knows
1966,The Beach Boys,Pet Sounds,I Know There's an Answer
1966,The Beach Boys,Pet Sounds,I Just Wasn't Made for These Times
1966,The Beach Boys,Pet Sounds,"Caroline, No"
1966,Simon & Garfunkel,Sounds of Silence,The Sound of Silence
1966,Simon & Garfunkel,Sounds of Silence,Leaves That Are Green
1966,Simon & Garfunkel,Sounds of Silence,Blessed
1966,Simon & Garfunkel,Sounds of Silence,Kathy's Song
1966,Simon & Garfunkel,Sounds of Silence,Somewhere They Can't Find Me
1966,Simon & Garfunkel,Sounds of Silence,Anji
1966,Simon & Garfunkel,Sounds of Silence,Richard Cory
1966,Simon & Garfunkel,Sounds of Silence,A Most Peculiar Man
1966,Simon & Garfunkel,Sounds of Silence,April Come She Will
1966,Simon & Garfunkel,Sounds of Silence,We've Got a Groovey Thing Goin'
1966,Simon & Garfunkel,Sounds of Silence,I Am a Rock
1966,Simon & Garfunkel,"Parsley, Sage, Rosemary and Thyme",Scarborough Fair/Canticle
1966,Simon & Garfunkel,"Parsley, Sage, Rosemary and Thyme",Homeward Bound
1966,Simon & Garfunkel,"Parsley, Sage, Rosemary and Thyme",The 59th Street Bridge Song (Feelin' Groovy)
1968,Simon & Garfunkel,The Graduate (Soundtrack),Mrs. Robinson
1968,Simon & Garfunkel,Bookends,America
1968,Simon & Garfunkel,Bookends,Fakin' It
1968,Simon & Garfunkel,Bookends,A Hazy Shade of Winter
1970,Simon & Garfunkel,Bridge over Troubled Water,Bridge over Troubled Water
1970,Simon & Garfunkel,Bridge over Troubled Water,Cecilia
1970,Simon & Garfunkel,Bridge over Troubled Water,The Boxer
1977,Elvis Costello,My Aim Is True,Welcome to the Working Week
1977,Elvis Costello,My Aim Is True,No Dancing
1977,Elvis Costello,My Aim Is True,Alison
1977,Elvis Costello,My Aim Is True,The Angels Wanna Wear My Red Shoes
1977,Elvis Costello,My Aim Is True,Less Than Zero
1978,Elvis Costello,This Year's Model,No Action
1978,Elvis Costello,This Year's Model,This Year's Girl
1978,Elvis Costello,This Year's Model,The Beat
1978,Elvis Costello,This Year's Model,Pump It Up
1978,Elvis Costello,This Year's Model,Little Triggers
1978,Elvis Costello,This Year's Model,You Belong to Me
1978,Elvis Costello,This Year's Model,Hand in Hand
1978,Elvis Costello,This Year's Model,Lip Service
1978,Elvis Costello,This Year's Model,Living in Paradise
1978,Elvis Costello,This Year's Model,Lipstick Vogue
1979,Elvis Costello,Armed Forces,Accidents Will Happen
1979,Elvis Costello,Armed Forces,Senior Service
1979,Elvis Costello,Armed Forces,Oliver's Army
1979,Elvis Costello,Armed Forces,"(What's So Funny 'Bout) Peace, Love, and Understanding"
1980,Elvis Costello,Get Happy!!,High Fidelity
1980,Elvis Costello,Get Happy!!,I Stand Accused
1986,Elvis Costello,Blood & Chocolate,Uncomplicated
1986,Elvis Costello,Blood & Chocolate,I Hope You're Happy Now
1986,Elvis Costello,Blood & Chocolate,Tokyo Storm Warning
1986,Elvis Costello,Blood & Chocolate,I Want You
1986,Elvis Costello,Blood & Chocolate,Next Time Round
1981,Queen,Greatest Hits,Bohemian Rhapsody
1981,Queen,Greatest Hits,Another One Bites the Dust
1981,Queen,Greatest Hits,Killer Queen
1981,Queen,Greatest Hits,Fat Bottomed Girls
1981,Queen,Greatest Hits,You're My Best Friend
1981,Queen,Greatest Hits,Don't Stop Me Now
1981,Queen,Greatest Hits,Save Me
1981,Queen,Greatest Hits,Crazy Little Thing Called Love
1981,Queen,Greatest Hits,Somebody to Love
1981,Queen,Greatest Hits,Good Old-Fashioned Lover Boy
1981,Queen,Greatest Hits,Play the Game
1981,Queen,Greatest Hits,Flash
1981,Queen,Greatest Hits,We Will Rock You
1981,Queen,Greatest Hits,We Are the Champions
1985,Billy Joel,Greatest Hits Volume I & Volume II,Piano Man
1985,Billy Joel,Greatest Hits Volume I & Volume II,Say Goodbye to Hollywood
1985,Billy Joel,Greatest Hits Volume I & Volume II,New York State of Mind
1985,Billy Joel,Greatest Hits Volume I & Volume II,The Stranger
1985,Billy Joel,Greatest Hits Volume I & Volume II,Movin' Out (Anthony's Song)
1985,Billy Joel,Greatest Hits Volume I & Volume II,Just the Way You Are
1985,Billy Joel,Greatest Hits Volume I & Volume II,Only the Good Die Young
1985,Billy Joel,Greatest Hits Volume I & Volume II,She's Always a Woman
1985,Billy Joel,Greatest Hits Volume I & Volume II,Don't Ask Me Why
1985,Billy Joel,Greatest Hits Volume I & Volume II,It's Still Rock and Roll to Me
1985,Billy Joel,Greatest Hits Volume I & Volume II,You May Be Right
1985,Billy Joel,Greatest Hits Volume I & Volume II,Pressure
1985,Billy Joel,Greatest Hits Volume I & Volume II,Allentown
1985,Billy Joel,Greatest Hits Volume I & Volume II,Goodnight Saigon
1985,Billy Joel,Greatest Hits Volume I & Volume II,Tell Her About It
1985,Billy Joel,Greatest Hits Volume I & Volume II,An Innocent Man
1985,Billy Joel,Greatest Hits Volume I & Volume II,The Longest Time
1985,Billy Joel,Greatest Hits Volume I & Volume II,Uptown Girl
1985,Billy Joel,Greatest Hits Volume I & Volume II,A Matter of Trust
1969,David Bowie,Space Oddity,Space Oddity
1977,Television,Marquee Moon,See No Evil
1977,Television,Marquee Moon,Venus
1977,Television,Marquee Moon,Marquee Moon
1977,Television,Marquee Moon,Torn Curtain
1979,Supertramp,Breakfast in America,The Logical Song
1979,Supertramp,Breakfast in America,Goodbye Stranger
1979,Supertramp,Breakfast in America,Breakfast in America
1979,Supertramp,Breakfast in America,Take the Long Way Home
1991,Nirvana,Nevermind,Smells Like Teen Spirit
1991,Nirvana,Nevermind,In Bloom
1991,Nirvana,Nevermind,Come as You Are
1991,Nirvana,Nevermind,Breed
1991,Nirvana,Nevermind,Lithium
1991,Nirvana,Nevermind,Territorial Pissings
1991,Nirvana,Nevermind,On a Plain
1991,Nirvana,Nevermind,Something in the Way
1979,Squeeze,Singles Going Steady,Cool for Cats
1979,Squeeze,Singles Going Steady,Up the Junction
1979,Squeeze,Singles Going Steady,Pulling Mussels (from the Shell)
1979,Squeeze,Singles Going Steady,Is That Love
1969,Chicago,Chicago Transit Authority,Does Anybody Really Know What Time It Is?
1969,Chicago,Chicago Transit Authority,Beginnings
1969,Chicago,Chicago Transit Authority,Questions 67 and 68
1969,Chicago,Chicago Transit Authority,I'm a Man
1963,The Beatles,Please Please Me,I Saw Her Standing There
1963,The Beatles,Please Please Me,Misery
1963,The Beatles,Please Please Me,Anna (Go to Him)
1963,The Beatles,Please Please Me,Please Please Me
1963,The Beatles,Please Please Me,Love Me Do
1963,The Beatles,Please Please Me,P.S. I Love You
1963,The Beatles,Please Please Me,Do You Want to Know a Secret
1963,The Beatles,Please Please Me,A Taste of Honey
1963,The Beatles,Please Please Me,There's a Place
1963,The Beatles,Please Please Me,Twist and Shout
1963,The Beatles,With the Beatles,It Won't Be Long
1963,The Beatles,With the Beatles,All I've Got to Do
1963,The Beatles,With the Beatles,All My Loving
1963,The Beatles,With the Beatles,Till There Was You
1963,The Beatles,With the Beatles,Roll Over Beethoven
1963,The Beatles,With the Beatles,Money (That's What I Want)
1964,The Beatles,A Hard Day's Night,A Hard Day's Night
1964,The Beatles,A Hard Day's Night,I Should Have Known Better
1964,The Beatles,A Hard Day's Night,If I Fell
1964,The Beatles,A Hard Day's Night,I'm Happy Just to Dance with You
1964,The Beatles,A Hard Day's Night,And I Love Her
1964,The Beatles,A Hard Day's Night,Tell Me Why
1964,The Beatles,A Hard Day's Night,Can't Buy Me Love
1964,The Beatles,A Hard Day's Night,Any Time at All
1964,The Beatles,A Hard Day's Night,Things We Said Today
1964,The Beatles,A Hard Day's Night,When I Get Home
1964,The Beatles,A Hard Day's Night,You Can't Do That
1964,The Beatles,Beatles for Sale,No Reply
1964,The Beatles,Beatles for Sale,I'm a Loser
1964,The Beatles,Beatles for Sale,Baby's in Black
1964,The Beatles,Beatles for Sale,Rock and Roll Music
1964,The Beatles,Beatles for Sale,I'll Follow the Sun
1964,The Beatles,Beatles for Sale,Mr. Moonlight
1964,The Beatles,Beatles for Sale,Eight Days a Week
1964,The Beatles,Beatles for Sale,I Don't Want to Spoil the Party
1964,The Beatles,Beatles for Sale,What You're Doing
1965,The Beatles,Help!,Help!
1965,The Beatles,Help!,You've Got to Hide Your Love Away
1965,The Beatles,Help!,You're Going to Lose That Girl
1965,The Beatles,Help!,Ticket to Ride
1965,The Beatles,Help!,Yesterday
1965,The Beatles,Rubber Soul,Drive My Car
1965,The Beatles,Rubber Soul,Norwegian Wood (This Bird Has Flown)
1965,The Beatles,Rubber Soul,You Won't See Me
1965,The Beatles,Rubber Soul,Nowhere Man
1965,The Beatles,Rubber Soul,Think for Yourself
1965,The Beatles,Rubber Soul,The Word
1965,The Beatles,Rubber Soul,Michelle
1965,The Beatles,Rubber Soul,What Goes On
1965,The Beatles,Rubber Soul,Girl
1965,The Beatles,Rubber Soul,I'm Looking Through You
1965,The Beatles,Rubber Soul,In My Life
1965,The Beatles,Rubber Soul,Wait
1965,The Beatles,Rubber Soul,If I Needed Someone
1965,The Beatles,Rubber Soul,Run for Your Life
1966,The Beatles,Revolver,Taxman
1966,The Beatles,Revolver,Eleanor Rigby
1966,The Beatles,Revolver,I'm Only Sleeping
1966,The Beatles,Revolver,Love You To
1966,The Beatles,Revolver,"Here, There and Everywhere"
1966,The Beatles,Revolver,Yellow Submarine
1966,The Beatles,Revolver,She Said She Said
1966,The Beatles,Revolver,Good Day Sunshine
1966,The Beatles,Revolver,And Your Bird Can Sing
1966,The Beatles,Revolver,For No One
1966,The Beatles,Revolver,I Want to Tell You
1966,The Beatles,Revolver,Got to Get You into My Life
1966,The Beatles,Revolver,Tomorrow Never Knows
1967,The Beatles,Sgt. Pepper's Lonely Hearts Club Band,Sgt. Pepper's Lonely Hearts Club Band
1967,The Beatles,Sgt. Pepper's Lonely Hearts Club Band,With a Little Help from My Friends
1967,The Beatles,Sgt. Pepper's Lonely Hearts Club Band,Lucy in the Sky with Diamonds
1967,The Beatles,Sgt. Pepper's Lonely Hearts Club Band,Getting Better
1967,The Beatles,Sgt. Pepper's Lonely Hearts Club Band,Fixing a Hole
1967,The Beatles,Sgt. Pepper's Lonely Hearts Club Band,She's Leaving Home
1967,The Beatles,Sgt. Pepper's Lonely Hearts Club Band,Being for the Benefit of Mr. Kite!
1967,The Beatles,Sgt. Pepper's Lonely Hearts Club Band,When I'm Sixty-Four
1967,The Beatles,Sgt. Pepper's Lonely Hearts Club Band,Lovely Rita
1967,The Beatles,Sgt. Pepper's Lonely Hearts Club Band,Good Morning Good Morning
1967,The Beatles,Sgt. Pepper's Lonely Hearts Club Band,A Day in the Life
1967,The Beatles,Magical Mystery Tour,Magical Mystery Tour
1967,The Beatles,Magical Mystery Tour,The Fool on the Hill
1967,The Beatles,Magical Mystery Tour,Your Mother Should Know
1967,The Beatles,Magical Mystery Tour,I Am the Walrus
1967,The Beatles,Magical Mystery Tour,"Hello, Goodbye"
1967,The Beatles,Magical Mystery Tour,Strawberry Fields Forever
1967,The Beatles,Magical Mystery Tour,Penny Lane
1967,The Beatles,Magical Mystery Tour,"Baby, You're a Rich Man"
1967,The Beatles,Magical Mystery Tour,All You Need Is Love
1968,The Beatles,The Beatles (White Album),Back in the U.S.S.R.
1968,The Beatles,The Beatles (White Album),Dear Prudence
1968,The Beatles,The Beatles (White Album),Glass Onion
1968,The Beatles,The Beatles (White Album),"Ob-La-Di, Ob-La-Da"
1968,The Beatles,The Beatles (White Album),Wild Honey Pie
1968,The Beatles,The Beatles (White Album),The Continuing Story of Bungalow Bill
1968,The Beatles,The Beatles (White Album),While My Guitar Gently Weeps
1968,The Beatles,The Beatles (White Album),Happiness Is a Warm Gun
1968,The Beatles,The Beatles (White Album),Martha My Dear
1968,The Beatles,The Beatles (White Album),I'm So Tired
1968,The Beatles,The Beatles (White Album),Blackbird
1968,The Beatles,The Beatles (White Album),Piggies
1968,The Beatles,The Beatles (White Album),Rocky Raccoon
1968,The Beatles,The Beatles (White Album),Don't Pass Me By
1968,The Beatles,The Beatles (White Album),Why Don't We Do It in the Road?
1968,The Beatles,The Beatles (White Album),I Will
1968,The Beatles,The Beatles (White Album),Julia
1968,The Beatles,The Beatles (White Album),Birthday
1968,The Beatles,The Beatles (White Album),Yer Blues
1968,The Beatles,The Beatles (White Album),Mother Nature's Son
1968,The Beatles,The Beatles (White Album),Everybody's Got Something to Hide Except Me and My Monkey
1968,The Beatles,The Beatles (White Album),Sexy Sadie
1968,The Beatles,The Beatles (White Album),Helter Skelter
1968,The Beatles,The Beatles (White Album),"Long, Long, Long"
1968,The Beatles,The Beatles (White Album),Revolution 1
1968,The Beatles,The Beatles (White Album),Honey Pie
1968,The Beatles,The Beatles (White Album),Savoy Truffle
1968,The Beatles,The Beatles (White Album),Cry Baby Cry
1968,The Beatles,The Beatles (White Album),Good Night
1969,The Beatles,Yellow Submarine,Yellow Submarine
1969,The Beatles,Yellow Submarine,All Together Now
1969,The Beatles,Yellow Submarine,Hey Bulldog
1969,The Beatles,Yellow Submarine,It's All Too Much
1969,The Beatles,Yellow Submarine,All You Need Is Love
1969,The Beatles,Abbey Road,Come Together
1969,The Beatles,Abbey Road,Something
1969,The Beatles,Abbey Road,Maxwell's Silver Hammer
1969,The Beatles,Abbey Road,Oh! Darling
1969,The Beatles,Abbey Road,Octopus's Garden
1969,The Beatles,Abbey Road,I Want You (She's So Heavy)
1969,The Beatles,Abbey Road,Here Comes the Sun
1969,The Beatles,Abbey Road,Because
1969,The Beatles,Abbey Road,You Never Give Me Your Money
1969,The Beatles,Abbey Road,Sun King
1969,The Beatles,Abbey Road,Mean Mr. Mustard
1969,The Beatles,Abbey Road,Polythene Pam
1969,The Beatles,Abbey Road,She Came In Through the Bathroom Window
1969,The Beatles,Abbey Road,Golden Slumbers
1969,The Beatles,Abbey Road,Carry That Weight
1969,The Beatles,Abbey Road,The End
1969,The Beatles,Abbey Road,Her Majesty
1970,The Beatles,Let It Be,Two of Us
1970,The Beatles,Let It Be,Dig a Pony
1970,The Beatles,Let It Be,Across the Universe
1970,The Beatles,Let It Be,I Me Mine
1970,The Beatles,Let It Be,Let It Be
1970,The Beatles,Let It Be,I've Got a Feeling
1970,The Beatles,Let It Be,The Long and Winding Road
1970,The Beatles,Let It Be,Get Back
 ,Annie,,Maybe
,Annie,,It's the Hard-Knock Life
,Annie,,Tomorrow
,Annie,,Little Girls
,Annie,,I Think I'm Gonna Like It Here
,Annie,,N.Y.C.
,Annie,,Easy Street
,Annie,,You're Never Fully Dressed Without a Smile
,Annie,,I Don't Need Anything but You
,Hair,,Aquarius
,Hair,,Manchester England
,Hair,,Hair
,Hair,,Easy to Be Hard
,Hair,,Good Morning Starshine
,Hair,,The Flesh Failures / Let the Sunshine In
,Gypsy,,All I Need Is the Girl
,A Chorus Line,,I Hope I Get It
,A Chorus Line,,I Can Do That
,A Chorus Line,,At the Ballet
,A Chorus Line,,Sing!
,A Chorus Line,,"Hello Twelve, Hello Thirteen, Hello Love"
,A Chorus Line,,Nothing
,A Chorus Line,,The Music and the Mirror
,A Chorus Line,,Dance: Ten; Looks: Three
,A Chorus Line,,What I Did for Love
,A Chorus Line,,One
,Oklahoma!,,"Oh, What a Beautiful Mornin'"
,Oklahoma!,,The Surrey with the Fringe on Top
,Oklahoma!,,I Cain't Say No
,Oklahoma!,,People Will Say We're in Love
,Oklahoma!,,Oklahoma
,The Sound of Music,,The Sound of Music
,The Sound of Music,,Maria
,The Sound of Music,,My Favorite Things
,The Sound of Music,,Do-Re-Mi
,The Sound of Music,,Sixteen Going on Seventeen
,The Sound of Music,,The Lonely Goatherd
,The Sound of Music,,"So Long, Farewell"
,The Sound of Music,,Climb Ev'ry Mountain
,The Sound of Music,,Something Good
,Grease,,Grease
,Grease,,Summer Nights
,Grease,,Greased Lightnin'
,Grease,,"Look at Me, I'm Sandra Dee"
,Grease,,You're the One That I Want
,Fiddler on the Roof,,Tradition
,Fiddler on the Roof,,"Matchmaker, Matchmaker"
,Fiddler on the Roof,,If I Were a Rich Man
,Fiddler on the Roof,,Sabbath Prayer
,Fiddler on the Roof,,To Life (L'Chaim!)
,Fiddler on the Roof,,"Sunrise, Sunset"
,My Fair Lady,,Why Can't the English?
,My Fair Lady,,Wouldn't It Be Loverly
,My Fair Lady,,With a Little Bit of Luck
,My Fair Lady,,I'm an Ordinary Man
,My Fair Lady,,Just You Wait
,My Fair Lady,,The Rain in Spain
,My Fair Lady,,I Could Have Danced All Night
,My Fair Lady,,On the Street Where You Live
,My Fair Lady,,You Did It
,My Fair Lady,,Show Me
,My Fair Lady,,Get Me to the Church on Time
,My Fair Lady,,I've Grown Accustomed to Her Face